nombre,id,E_UTM,N_UTM,fecha
DSC_0076.JPG,1,679861.493,2081018.103,2024-08-31
DSC_0076.JPG,2,679927.510,2080894.315,2024-08-31
DSC_0077.JPG,1,679861.493,2081018.103,2024-08-31
DSC_0077.JPG,2,679927.510,2080894.315,2024-08-31
DSC_0151.JPG,3,679936.700,2080925.504,2024-09-14
DSC_0151.JPG,4,679849.229,2081065.026,2024-09-14
DSC_0151.JPG,5,679852.309,2081062.736,2024-09-14
DSC_0151.JPG,6,679850.644,2081061.171,2024-09-14
DSC_0151.JPG,7,679851.257,2081062.726,2024-09-14
DSC_0151.JPG,8,679845.876,2081063.668,2024-09-14
DSC_0151.JPG,9,679849.050,2081062.593,2024-09-14
DSC_0151.JPG,10,679848.632,2081061.810,2024-09-14
DSC_0151.JPG,11,679838.641,2081069.907,2024-09-14
DSC_0151.JPG,12,679861.088,2081060.269,2024-09-14
DSC_0151.JPG,13,679921.771,2080920.601,2024-09-14
DSC_0151.JPG,14,679923.656,2080933.237,2024-09-14
DSC_0152.JPG,3,679936.700,2080925.504,2024-09-14
DSC_0152.JPG,4,679849.229,2081065.026,2024-09-14
DSC_0152.JPG,5,679852.309,2081062.736,2024-09-14
DSC_0152.JPG,6,679850.644,2081061.171,2024-09-14
DSC_0152.JPG,7,679851.257,2081062.726,2024-09-14
DSC_0152.JPG,8,679845.876,2081063.668,2024-09-14
DSC_0152.JPG,9,679849.050,2081062.593,2024-09-14
DSC_0152.JPG,10,679848.632,2081061.810,2024-09-14
DSC_0152.JPG,11,679838.641,2081069.907,2024-09-14
DSC_0152.JPG,12,679861.088,2081060.269,2024-09-14
DSC_0152.JPG,13,679921.771,2080920.601,2024-09-14
DSC_0152.JPG,14,679923.656,2080933.237,2024-09-14
DSC_0149.JPG,3,679936.700,2080925.504,2024-09-14
DSC_0149.JPG,4,679849.229,2081065.026,2024-09-14
DSC_0149.JPG,5,679852.309,2081062.736,2024-09-14
DSC_0149.JPG,6,679850.644,2081061.171,2024-09-14
DSC_0149.JPG,7,679851.257,2081062.726,2024-09-14
DSC_0149.JPG,8,679845.876,2081063.668,2024-09-14
DSC_0149.JPG,9,679849.050,2081062.593,2024-09-14
DSC_0149.JPG,10,679848.632,2081061.810,2024-09-14
DSC_0149.JPG,11,679838.641,2081069.907,2024-09-14
DSC_0149.JPG,12,679861.088,2081060.269,2024-09-14
DSC_0149.JPG,13,679921.771,2080920.601,2024-09-14
DSC_0149.JPG,14,679923.656,2080933.237,2024-09-14
DSC_0150.JPG,3,679936.700,2080925.504,2024-09-14
DSC_0150.JPG,4,679849.229,2081065.026,2024-09-14
DSC_0150.JPG,5,679852.309,2081062.736,2024-09-14
DSC_0150.JPG,6,679850.644,2081061.171,2024-09-14
DSC_0150.JPG,7,679851.257,2081062.726,2024-09-14
DSC_0150.JPG,8,679845.876,2081063.668,2024-09-14
DSC_0150.JPG,9,679849.050,2081062.593,2024-09-14
DSC_0150.JPG,10,679848.632,2081061.810,2024-09-14
DSC_0150.JPG,11,679838.641,2081069.907,2024-09-14
DSC_0150.JPG,12,679861.088,2081060.269,2024-09-14
DSC_0150.JPG,13,679921.771,2080920.601,2024-09-14
DSC_0150.JPG,14,679923.656,2080933.237,2024-09-14
DSC_0157.JPG,3,679936.700,2080925.504,2024-09-14
DSC_0157.JPG,4,679849.229,2081065.026,2024-09-14
DSC_0157.JPG,5,679852.309,2081062.736,2024-09-14
DSC_0157.JPG,6,679850.644,2081061.171,2024-09-14
DSC_0157.JPG,7,679851.257,2081062.726,2024-09-14
DSC_0157.JPG,8,679845.876,2081063.668,2024-09-14
DSC_0157.JPG,9,679849.050,2081062.593,2024-09-14
DSC_0157.JPG,10,679848.632,2081061.810,2024-09-14
DSC_0157.JPG,11,679838.641,2081069.907,2024-09-14
DSC_0157.JPG,12,679861.088,2081060.269,2024-09-14
DSC_0157.JPG,13,679921.771,2080920.601,2024-09-14
DSC_0157.JPG,14,679923.656,2080933.237,2024-09-14
DSC_0158.JPG,3,679936.700,2080925.504,2024-09-14
DSC_0158.JPG,4,679849.229,2081065.026,2024-09-14
DSC_0158.JPG,5,679852.309,2081062.736,2024-09-14
DSC_0158.JPG,6,679850.644,2081061.171,2024-09-14
DSC_0158.JPG,7,679851.257,2081062.726,2024-09-14
DSC_0158.JPG,8,679845.876,2081063.668,2024-09-14
DSC_0158.JPG,9,679849.050,2081062.593,2024-09-14
DSC_0158.JPG,10,679848.632,2081061.810,2024-09-14
DSC_0158.JPG,11,679838.641,2081069.907,2024-09-14
DSC_0158.JPG,12,679861.088,2081060.269,2024-09-14
DSC_0158.JPG,13,679921.771,2080920.601,2024-09-14
DSC_0158.JPG,14,679923.656,2080933.237,2024-09-14
DSC_0159.JPG,3,679936.700,2080925.504,2024-09-14
DSC_0159.JPG,4,679849.229,2081065.026,2024-09-14
DSC_0159.JPG,5,679852.309,2081062.736,2024-09-14
DSC_0159.JPG,6,679850.644,2081061.171,2024-09-14
DSC_0159.JPG,7,679851.257,2081062.726,2024-09-14
DSC_0159.JPG,8,679845.876,2081063.668,2024-09-14
DSC_0159.JPG,9,679849.050,2081062.593,2024-09-14
DSC_0159.JPG,10,679848.632,2081061.810,2024-09-14
DSC_0159.JPG,11,679838.641,2081069.907,2024-09-14
DSC_0159.JPG,12,679861.088,2081060.269,2024-09-14
DSC_0159.JPG,13,679921.771,2080920.601,2024-09-14
DSC_0159.JPG,14,679923.656,2080933.237,2024-09-14
DSC_0001.JPG,145,,,2024-04-27
DSC_0001.JPG,146,,,2024-04-27
DSC_0001.JPG,147,,,2024-04-27
DSC_0080.JPG,148,,,2024-08-10
DSC_0080.JPG,149,,,2024-08-10
DSC_0080.JPG,150,,,2024-08-10
DSC_0080.JPG,151,,,2024-08-10
DSC_0080.JPG,152,,,2024-08-10
DSC_0080.JPG,153,,,2024-08-10
DSC_0080.JPG,154,,,2024-08-10
DSC_0080.JPG,155,,,2024-08-10
DSC_0080.JPG,156,,,2024-08-10
DSC_0080.JPG,157,,,2024-08-10
DSC_0080.JPG,158,,,2024-08-10
DSC_0080.JPG,159,,,2024-08-10
DSC_0080.JPG,160,,,2024-08-10
DSC_0080.JPG,161,,,2024-08-10
DSC_0080.JPG,162,,,2024-08-10
DSC_0080.JPG,163,,,2024-08-10
DSC_0080.JPG,164,,,2024-08-10
DSC_0081.JPG,148,,,2024-08-10
DSC_0081.JPG,149,,,2024-08-10
DSC_0081.JPG,150,,,2024-08-10
DSC_0081.JPG,151,,,2024-08-10
DSC_0081.JPG,152,,,2024-08-10
DSC_0081.JPG,153,,,2024-08-10
DSC_0081.JPG,154,,,2024-08-10
DSC_0081.JPG,155,,,2024-08-10
DSC_0081.JPG,156,,,2024-08-10
DSC_0081.JPG,157,,,2024-08-10
DSC_0081.JPG,158,,,2024-08-10
DSC_0081.JPG,159,,,2024-08-10
DSC_0081.JPG,160,,,2024-08-10
DSC_0081.JPG,161,,,2024-08-10
DSC_0081.JPG,162,,,2024-08-10
DSC_0081.JPG,163,,,2024-08-10
DSC_0081.JPG,164,,,2024-08-10
DSC_0082.JPG,148,,,2024-08-10
DSC_0082.JPG,149,,,2024-08-10
DSC_0082.JPG,150,,,2024-08-10
DSC_0082.JPG,151,,,2024-08-10
DSC_0082.JPG,152,,,2024-08-10
DSC_0082.JPG,153,,,2024-08-10
DSC_0082.JPG,154,,,2024-08-10
DSC_0082.JPG,155,,,2024-08-10
DSC_0082.JPG,156,,,2024-08-10
DSC_0082.JPG,157,,,2024-08-10
DSC_0082.JPG,158,,,2024-08-10
DSC_0082.JPG,159,,,2024-08-10
DSC_0082.JPG,160,,,2024-08-10
DSC_0082.JPG,161,,,2024-08-10
DSC_0082.JPG,162,,,2024-08-10
DSC_0082.JPG,163,,,2024-08-10
DSC_0082.JPG,164,,,2024-08-10
DSC_0093.JPG,148,,,2024-08-10
DSC_0093.JPG,149,,,2024-08-10
DSC_0093.JPG,150,,,2024-08-10
DSC_0093.JPG,151,,,2024-08-10
DSC_0093.JPG,152,,,2024-08-10
DSC_0093.JPG,153,,,2024-08-10
DSC_0093.JPG,154,,,2024-08-10
DSC_0093.JPG,155,,,2024-08-10
DSC_0093.JPG,156,,,2024-08-10
DSC_0093.JPG,157,,,2024-08-10
DSC_0093.JPG,158,,,2024-08-10
DSC_0093.JPG,159,,,2024-08-10
DSC_0093.JPG,160,,,2024-08-10
DSC_0093.JPG,161,,,2024-08-10
DSC_0093.JPG,162,,,2024-08-10
DSC_0093.JPG,163,,,2024-08-10
DSC_0093.JPG,164,,,2024-08-10
DSC_0094.JPG,148,,,2024-08-10
DSC_0094.JPG,149,,,2024-08-10
DSC_0094.JPG,150,,,2024-08-10
DSC_0094.JPG,151,,,2024-08-10
DSC_0094.JPG,152,,,2024-08-10
DSC_0094.JPG,153,,,2024-08-10
DSC_0094.JPG,154,,,2024-08-10
DSC_0094.JPG,155,,,2024-08-10
DSC_0094.JPG,156,,,2024-08-10
DSC_0094.JPG,157,,,2024-08-10
DSC_0094.JPG,158,,,2024-08-10
DSC_0094.JPG,159,,,2024-08-10
DSC_0094.JPG,160,,,2024-08-10
DSC_0094.JPG,161,,,2024-08-10
DSC_0094.JPG,162,,,2024-08-10
DSC_0094.JPG,163,,,2024-08-10
DSC_0094.JPG,164,,,2024-08-10
DSC_0095.JPG,148,,,2024-08-10
DSC_0095.JPG,149,,,2024-08-10
DSC_0095.JPG,150,,,2024-08-10
DSC_0095.JPG,151,,,2024-08-10
DSC_0095.JPG,152,,,2024-08-10
DSC_0095.JPG,153,,,2024-08-10
DSC_0095.JPG,154,,,2024-08-10
DSC_0095.JPG,155,,,2024-08-10
DSC_0095.JPG,156,,,2024-08-10
DSC_0095.JPG,157,,,2024-08-10
DSC_0095.JPG,158,,,2024-08-10
DSC_0095.JPG,159,,,2024-08-10
DSC_0095.JPG,160,,,2024-08-10
DSC_0095.JPG,161,,,2024-08-10
DSC_0095.JPG,162,,,2024-08-10
DSC_0095.JPG,163,,,2024-08-10
DSC_0095.JPG,164,,,2024-08-10
DSC_0096.JPG,148,,,2024-08-10
DSC_0096.JPG,149,,,2024-08-10
DSC_0096.JPG,150,,,2024-08-10
DSC_0096.JPG,151,,,2024-08-10
DSC_0096.JPG,152,,,2024-08-10
DSC_0096.JPG,153,,,2024-08-10
DSC_0096.JPG,154,,,2024-08-10
DSC_0096.JPG,155,,,2024-08-10
DSC_0096.JPG,156,,,2024-08-10
DSC_0096.JPG,157,,,2024-08-10
DSC_0096.JPG,158,,,2024-08-10
DSC_0096.JPG,159,,,2024-08-10
DSC_0096.JPG,160,,,2024-08-10
DSC_0096.JPG,161,,,2024-08-10
DSC_0096.JPG,162,,,2024-08-10
DSC_0096.JPG,163,,,2024-08-10
DSC_0096.JPG,164,,,2024-08-10
DSC_0049.JPG,,,,2025-08-14
